1,1,Alexandre Christie Watch AC1008LD Black,1,525000
1,2,Pioneer Wall Clock 2019 Silver 38 Cm,2,125000
2,2,Pioneer Wall Clock 2019 Silver 38 Cm,1,125000
2,4,Pioneer Pendulum T41054 Brown,1,321000
3,3,Pioneer Pendulum T4871 Horse Silver,1,378000
4,3,Pioneer Pendulum T4871 Horse Silver,1,378000
5,5,Sakana Pendulum Classic 326 Silver,1,310000
6,6,Ostar Wall Clock 36269 Blue,1,255000
7,5,Sakana Pendulum Classic 326 Silver,1,310000
7,1,Alexandre Christie Watch AC1008LD Black,1,525000
8,7,Daniel Klein DK112409 Stainless Steel Watch,1,495000
9,8,Alexandre Christie AC1007MD Leather Strap,1,525000
9,3,Pioneer Pendulum T4871 Horse Silver,1,378000
10,9,Casio Watch EDIFICE EFR564 Black,1,475000
11,10,GShock Watch GA2100 Black,1,605000
12,4,Pioneer Pendulum T41054 Brown,1,321000
13,7,Daniel Klein DK112409 Stainless Steel Watch,1,495000
13,3,Pioneer Pendulum T4871 Horse Silver,1,378000
14,8,Alexandre Christie AC1007MD Leather Strap,1,525000
14,6,Ostar Wall Clock 36269 Blue,1,255000